NbEssai, Freq, P, Erreur (%)
100.0, 31.0, 0.31, 7.056468721983228
200.0, 64.0, 0.32, 10.509903196885915
300.0, 86.0, 0.2866666666666667, 1.001545052789698
400.0, 122.0, 0.305, 5.329751484531883
500.0, 129.0, 0.258, 10.901390547510731
600.0, 183.0, 0.305, 5.329751484531883
700.0, 183.0, 0.26142857142857145, 9.717355870401231
800.0, 236.0, 0.295, 1.8763170096291957
900.0, 276.0, 0.30666666666666664, 5.905323897015658
1000.0, 288.0, 0.288, 0.5410871228026859
1100.0, 300.0, 0.2727272727272727, 5.815423411744967
1200.0, 332.0, 0.27666666666666667, 4.4549795276923865
1300.0, 378.0, 0.2907692307692308, 0.4152485779396073
1400.0, 406.0, 0.29, 0.1495997721778517
1500.0, 464.0, 0.30933333333333335, 6.826239756989722
1600.0, 453.0, 0.283125, 2.224636429317732
1700.0, 495.0, 0.2911764705882353, 0.5558861809899461
1800.0, 510.0, 0.2833333333333333, 2.1526898777572674
1900.0, 520.0, 0.2736842105263158, 5.484951213189674
2000.0, 601.0, 0.3005, 3.775705970825674
2100.0, 630.0, 0.3, 3.6030342470805397
2200.0, 660.0, 0.3, 3.6030342470805397
2300.0, 658.0, 0.28608695652173916, 1.201744152784053
2400.0, 690.0, 0.2875, 0.7137588465478202
2500.0, 726.0, 0.2904, 0.28773715117396303
2600.0, 766.0, 0.2946153846153846, 1.7434926067483276
2700.0, 769.0, 0.2848148148148148, 1.6410699555494652
2800.0, 827.0, 0.2953571428571429, 1.9996539551614452
2900.0, 861.0, 0.2968965517241379, 2.5312787203866045
3000.0, 865.0, 0.28833333333333333, 0.4259726403059232
3100.0, 886.0, 0.28580645161290325, 1.2986146850393896
3200.0, 957.0, 0.2990625, 3.2792747650584193
3300.0, 993.0, 0.3009090909090909, 3.9169828357080583
3400.0, 942.0, 0.27705882352941175, 4.319550724755034
3500.0, 1008.0, 0.288, 0.5410871228026859
3600.0, 1066.0, 0.2961111111111111, 2.260031951285052
3700.0, 1096.0, 0.29621621621621624, 2.2963293106308886
3800.0, 1120.0, 0.29473684210526313, 1.7854371550264894
3900.0, 1123.0, 0.28794871794871796, 0.5587970431867915
4000.0, 1156.0, 0.289, 0.1957436753124171
4100.0, 1188.0, 0.2897560975609756, 0.06536966303388371
4200.0, 1214.0, 0.28904761904761905, 0.1792987492414428
4300.0, 1279.0, 0.2974418604651163, 2.719597520942648
4400.0, 1206.0, 0.2740909090909091, 5.34450052880368
4500.0, 1279.0, 0.2842222222222222, 1.8457179244325859
4600.0, 1375.0, 0.29891304347826086, 3.2276609345911194
4700.0, 1378.0, 0.29319148936170214, 1.251759710976592
4800.0, 1395.0, 0.290625, 0.3654394268592841
4900.0, 1454.0, 0.296734693877551, 2.475382173642934
5000.0, 1461.0, 0.2922, 0.9093553566564546
5100.0, 1515.0, 0.29705882352941176, 2.5873182250503417
5200.0, 1522.0, 0.2926923076923077, 1.0793705923439672
5300.0, 1506.0, 0.28415094339622643, 1.8703335999350275
5400.0, 1574.0, 0.2914814814814815, 0.661219694385673
5500.0, 1597.0, 0.2903636363636364, 0.2751792076288707
5600.0, 1558.0, 0.2782142857142857, 3.920519430386028
5700.0, 1615.0, 0.2833333333333333, 2.1526898777572674
5800.0, 1691.0, 0.291551724137931, 0.6854775355248192
5900.0, 1680.0, 0.2847457627118644, 1.6649166468388037
6000.0, 1701.0, 0.2835, 2.0951326365088954
6100.0, 1694.0, 0.2777049180327869, 4.0964262215549425
6200.0, 1747.0, 0.2817741935483871, 2.6911285862098255
6300.0, 1855.0, 0.29444444444444445, 1.684459538801277
6400.0, 1842.0, 0.2878125, 0.6058390192070945
6500.0, 1877.0, 0.2887692307692308, 0.27543831704093036
6600.0, 1828.0, 0.276969696969697, 4.3503299981498795
6700.0, 1916.0, 0.2859701492537313, 1.2420827774097982
6800.0, 1987.0, 0.2922058823529412, 0.9113867887005193
6900.0, 1988.0, 0.2881159420289855, 0.501047302803811
7000.0, 2044.0, 0.292, 0.8402866671583893
7100.0, 2118.0, 0.2983098591549296, 3.0193551808998085
7200.0, 2106.0, 0.2925, 1.0129583909035238
7300.0, 2106.0, 0.28849315068493153, 0.3707807651362359
7400.0, 2162.0, 0.2921621621621622, 0.8962883072919573
7500.0, 2185.0, 0.29133333333333333, 0.6100577021648832
7600.0, 2228.0, 0.2931578947368421, 1.2401580274102895
7700.0, 2265.0, 0.29415584415584417, 1.5847933201893691
7800.0, 2301.0, 0.295, 1.8763170096291957
7900.0, 2263.0, 0.28645569620253164, 1.0744023201927153
8000.0, 2346.0, 0.29325, 1.2719659765212348
8100.0, 2355.0, 0.29074074074074074, 0.4054097332817623
8200.0, 2322.0, 0.28317073170731705, 2.2088432838532523
8300.0, 2332.0, 0.2809638554216867, 2.9709735485173456
8400.0, 2463.0, 0.2932142857142857, 1.2596322819680041
8500.0, 2547.0, 0.29964705882352943, 3.4811483244369263
8600.0, 2414.0, 0.28069767441860466, 3.0628974137781246
8700.0, 2512.0, 0.288735632183908, 0.2870413683270876
8800.0, 2535.0, 0.28806818181818183, 0.517540978655609
8900.0, 2588.0, 0.2907865168539326, 0.42121821402413784
9000.0, 2615.0, 0.29055555555555557, 0.34145724300578945
9100.0, 2614.0, 0.28725274725274724, 0.79914596268552
9200.0, 2652.0, 0.2882608695652174, 0.45099752780521274
9300.0, 2665.0, 0.28655913978494624, 1.0386787568209144
9400.0, 2692.0, 0.28638297872340424, 1.0995148251273745
9500.0, 2839.0, 0.2988421052631579, 3.203162886828659
9600.0, 2792.0, 0.29083333333333333, 0.43738597841974874
9700.0, 2802.0, 0.2888659793814433, 0.24202681775955326
9800.0, 2825.0, 0.288265306122449, 0.4494653918358673
9900.0, 2780.0, 0.2808080808080808, 3.024769290611486
10000.0, 2839.0, 0.2839, 1.956995257512784
10100.0, 2887.0, 0.2858415841584158, 1.286481890652969
10200.0, 2973.0, 0.2914705882352941, 0.6574577831929506
10300.0, 2968.0, 0.28815533980582525, 0.4874415387265176
10400.0, 3021.0, 0.2904807692307692, 0.3156302757789417
10500.0, 3006.0, 0.2862857142857143, 1.133104461357416
10600.0, 3084.0, 0.2909433962264151, 0.47539547735735016
10700.0, 3013.0, 0.28158878504672896, 2.7551581973664594
10800.0, 3081.0, 0.2852777777777778, 1.4811887298595137
10900.0, 3124.0, 0.28660550458715595, 1.0226669761836091
11000.0, 3238.0, 0.2943636363636364, 1.6565529975899458
11100.0, 3257.0, 0.2934234234234234, 1.3318566194418409
11200.0, 3233.0, 0.28866071428571427, 0.31291377356804195
11300.0, 3191.0, 0.28238938053097346, 2.4786777927923254
11400.0, 3190.0, 0.27982456140350875, 3.364421272459967
11500.0, 3297.0, 0.286695652173913, 0.9915350977899938
11600.0, 3371.0, 0.29060344827586204, 0.3579966801461147
11700.0, 3340.0, 0.28547008547008546, 1.4147765284190892
11800.0, 3402.0, 0.2883050847457627, 0.43572810492428904
11900.0, 3492.0, 0.2934453781512605, 1.3394385408418015
12000.0, 3438.0, 0.2865, 1.059102294038089
12100.0, 3487.0, 0.2881818181818182, 0.4782974050771668
12200.0, 3517.0, 0.28827868852459015, 0.44484386694473804
12300.0, 3535.0, 0.28739837398373985, 0.7488547253577942
12400.0, 3590.0, 0.28951612903225804, 0.017501895962602168
12500.0, 3546.0, 0.28368, 2.0329708159606423
12600.0, 3648.0, 0.2895238095238095, 0.014849488531795532
12700.0, 3693.0, 0.29078740157480315, 0.4215237465796451
12800.0, 3712.0, 0.29, 0.1495997721778517
12900.0, 3663.0, 0.283953488372093, 1.9385233986935406
13000.0, 3763.0, 0.28946153846153844, 0.036354391855371426
13100.0, 3712.0, 0.2833587786259542, 2.143902512681172
13200.0, 3762.0, 0.285, 1.577117465273492
13300.0, 3812.0, 0.28661654135338344, 1.0188555012854636
13400.0, 3927.0, 0.2930597014925373, 1.2062476339018078
13500.0, 3894.0, 0.28844444444444445, 0.38760114614033564
13600.0, 3901.0, 0.28683823529411767, 0.9422949515045994
13700.0, 3895.0, 0.2843065693430657, 1.8165891989346181
13800.0, 3946.0, 0.28594202898550725, 1.2517939277826513
13900.0, 3995.0, 0.28741007194244605, 0.7448149119695953
14000.0, 4155.0, 0.29678571428571426, 2.493001737290387
14100.0, 4128.0, 0.2927659574468085, 1.104805052470087
14200.0, 4130.0, 0.2908450704225352, 0.4414393052682267
14300.0, 4169.0, 0.2915384615384615, 0.6808973837013437
14400.0, 4184.0, 0.29055555555555557, 0.34145724300578945
14500.0, 4206.0, 0.2900689655172414, 0.17341656165994385
14600.0, 4161.0, 0.285, 1.577117465273492
14700.0, 4263.0, 0.29, 0.1495997721778517
14800.0, 4216.0, 0.28486486486486484, 1.6237854987181226
14900.0, 4281.0, 0.2873154362416107, 0.7774967311517306
15000.0, 4276.0, 0.2850666666666667, 1.5540945687741243
15100.0, 4311.0, 0.28549668874172185, 1.405589262877657
15200.0, 4398.0, 0.2893421052631579, 0.077599864328895
15300.0, 4406.0, 0.28797385620915034, 0.5501157096651658
15400.0, 4487.0, 0.2913636363636364, 0.6205226551191395
15500.0, 4568.0, 0.29470967741935483, 1.776056008744927
15600.0, 4599.0, 0.2948076923076923, 1.8099048081887712
15700.0, 4551.0, 0.2898726114649682, 0.10560697631923413
15800.0, 4508.0, 0.2853164556962025, 1.4678315641689763
15900.0, 4609.0, 0.289874213836478, 0.10616034482059292
16000.0, 4600.0, 0.2875, 0.7137588465478202
16100.0, 4655.0, 0.2891304347826087, 0.15069887781368052
16200.0, 4645.0, 0.28672839506172837, 0.9802275560310534
16300.0, 4685.0, 0.2874233128834356, 0.7402422397602544
16400.0, 4780.0, 0.2914634146341463, 0.6549804270416596
16500.0, 4801.0, 0.290969696969697, 0.4844782667138833
16600.0, 4773.0, 0.2875301204819277, 0.7033569354788254
16700.0, 4760.0, 0.28502994011976046, 1.5667778410971347
16800.0, 4829.0, 0.2874404761904762, 0.734315004136519
16900.0, 4894.0, 0.28958579881656804, 0.006558107536916735
17000.0, 4909.0, 0.2887647058823529, 0.27700095707483213
17100.0, 4900.0, 0.28654970760233917, 1.0419360992797984
17200.0, 4881.0, 0.2837790697674419, 1.9987577209301992
17300.0, 5033.0, 0.29092485549132946, 0.46899255598388023
17400.0, 5091.0, 0.29258620689655174, 1.0427293777561437
17500.0, 5081.0, 0.2903428571428571, 0.2680032398888016
17600.0, 5104.0, 0.29, 0.1495997721778517
17700.0, 5093.0, 0.28774011299435026, 0.6308373972916821
17800.0, 5153.0, 0.2894943820224719, 0.02501208329474986
17900.0, 5287.0, 0.2953631284916201, 2.00172105480723
18000.0, 5264.0, 0.29244444444444445, 0.9937726438207395
18100.0, 5277.0, 0.29154696132596686, 0.6838327296213703
18200.0, 5248.0, 0.28835164835164834, 0.41964766874017123
18300.0, 5274.0, 0.2881967213114754, 0.47315070690296024
18400.0, 5427.0, 0.29494565217391305, 1.8575483440047331
18500.0, 5349.0, 0.2891351351351351, 0.14907564186778668
18600.0, 5517.0, 0.29661290322580647, 2.4333225700973817
18700.0, 5395.0, 0.28850267379679145, 0.36749202085569516
18800.0, 5428.0, 0.28872340425531917, 0.2912642033416253
18900.0, 5514.0, 0.29174603174603175, 0.7525803947799172
19000.0, 5476.0, 0.2882105263157895, 0.46838323912051694
19100.0, 5541.0, 0.2901047120418848, 0.18576138971610626
19200.0, 5570.0, 0.29010416666666666, 0.18557304795809362
19300.0, 5553.0, 0.28772020725388603, 0.6377117143284465
19400.0, 5544.0, 0.28577319587628863, 1.3100993357707083
19500.0, 5534.0, 0.2837948717948718, 1.9933005943002216
19600.0, 5647.0, 0.28811224489795917, 0.5023240827782656
19700.0, 5758.0, 0.2922842639593909, 0.9384553628916787
19800.0, 5707.0, 0.28823232323232323, 0.46085581682009197
19900.0, 5724.0, 0.2876381909547739, 0.6660355058142267
20000.0, 5788.0, 0.2894, 0.05760629631630573
20100.0, 5743.0, 0.28572139303482585, 1.327989107631256
20200.0, 5909.0, 0.2925247524752475, 1.0215064960394216
20300.0, 5846.0, 0.28798029556650245, 0.5478919197975638
20400.0, 5887.0, 0.288578431372549, 0.3413296384700734
20500.0, 6008.0, 0.2930731707317073, 1.2108991473918485
20600.0, 5946.0, 0.2886407766990291, 0.3197990884885347
20700.0, 5909.0, 0.28545893719806764, 1.4186265111112804
20800.0, 5967.0, 0.286875, 0.9295985012292335
20900.0, 5981.0, 0.28617224880382774, 1.172289022043267
21000.0, 6036.0, 0.2874285714285714, 0.7384262356542626
21100.0, 6039.0, 0.2862085308056872, 1.1597592704392743
21200.0, 6062.0, 0.28594339622641507, 1.2513217600939937
21300.0, 6198.0, 0.29098591549295777, 0.4900792274499623
21400.0, 6120.0, 0.28598130841121494, 1.238229035493318
21500.0, 6170.0, 0.2869767441860465, 0.8944618132578347
21600.0, 6216.0, 0.2877777777777778, 0.6178301111338418
21700.0, 6284.0, 0.2895852534562212, 0.006369770914619219
21800.0, 6284.0, 0.28825688073394495, 0.4523750445482977
21900.0, 6271.0, 0.28634703196347033, 1.1119288031290535
22000.0, 6242.0, 0.2837272727272727, 2.016645489352011
22100.0, 6352.0, 0.287420814479638, 0.7411050471409295
22200.0, 6403.0, 0.2884234234234234, 0.39486061800950295
22300.0, 6505.0, 0.29170403587443944, 0.7380773957038683
22400.0, 6564.0, 0.2930357142857143, 1.1979638092018887
22500.0, 6537.0, 0.2905333333333333, 0.33378294417266047
22600.0, 6425.0, 0.2842920353982301, 1.821608401549771
22700.0, 6647.0, 0.2928193832599119, 1.1232553069521907
22800.0, 6508.0, 0.28543859649122805, 1.4256510409356546
22900.0, 6594.0, 0.2879475982532751, 0.5591837226711691
23000.0, 6695.0, 0.2910869565217391, 0.5249730846672718
23100.0, 6665.0, 0.2885281385281385, 0.35869794274288486
23200.0, 6603.0, 0.2846120689655172, 1.7110869061102338
23300.0, 6760.0, 0.29012875536480687, 0.19406459374312934
23400.0, 6761.0, 0.2889316239316239, 0.21935690249123724
23500.0, 6733.0, 0.2865106382978723, 1.0554284275754249
23600.0, 6804.0, 0.2883050847457627, 0.43572810492428904
23700.0, 6833.0, 0.2883122362869198, 0.43325836704622683
23800.0, 6858.0, 0.2881512605042017, 0.4888502988125468
23900.0, 6995.0, 0.29267782426778244, 1.0743688365869497
24000.0, 6877.0, 0.28654166666666664, 1.044712983725996
24100.0, 7008.0, 0.2907883817427386, 0.4218622411535849
24200.0, 7088.0, 0.2928925619834711, 1.1485270996290498
24300.0, 7031.0, 0.2893415637860082, 0.0777868599145005
24400.0, 6975.0, 0.2858606557377049, 1.2798956457121877
24500.0, 7322.0, 0.2988571428571429, 3.2083560213773863
24600.0, 7055.0, 0.2867886178861789, 0.959429998217714
24700.0, 7242.0, 0.29319838056680164, 1.2541395435030165
24800.0, 7213.0, 0.2908467741935484, 0.442027691423646
24900.0, 7284.0, 0.2925301204819277, 1.0233603019725186
25000.0, 7100.0, 0.284, 1.9224609127637609
25100.0, 7235.0, 0.2882470119521912, 0.45578316366166377
25200.0, 7404.0, 0.2938095238095238, 1.4651938578550678
25300.0, 7264.0, 0.28711462450592884, 0.8468457482486128
25400.0, 7348.0, 0.28929133858267714, 0.0951318047837585
25500.0, 7384.0, 0.2895686274509804, 6.280889467606277E-4
25600.0, 7399.0, 0.2890234375, 0.1876496882618636
25700.0, 7474.0, 0.2908171206225681, 0.43178702499091826
25800.0, 7424.0, 0.2877519379844961, 0.6267537144281765
25900.0, 7429.0, 0.2868339768339768, 0.94376558281064
26000.0, 7651.0, 0.2942692307692308, 1.623950644155548
26100.0, 7581.0, 0.2904597701149425, 0.3083783687251006
26200.0, 7444.0, 0.28412213740458014, 1.8802815603985317
26300.0, 7684.0, 0.29216730038022815, 0.898062757232816
26400.0, 7582.0, 0.2871969696969697, 0.8184083760903266
26500.0, 7689.0, 0.29015094339622644, 0.20172708500658526
26600.0, 7799.0, 0.2931954887218045, 1.2531408637820993
26700.0, 7881.0, 0.2951685393258427, 1.9345209614534027
26800.0, 7666.0, 0.286044776119403, 1.2163108783433514
26900.0, 7735.0, 0.287546468401487, 0.6977112885789267
27000.0, 7943.0, 0.29418518518518516, 1.5949260524148998
27100.0, 7798.0, 0.2877490774907749, 0.6277415671913883
27200.0, 7854.0, 0.28875, 0.2820795371849747
27300.0, 7945.0, 0.29102564102564105, 0.5037981798601925
27400.0, 7940.0, 0.28978102189781024, 0.07397711944277147
27500.0, 7875.0, 0.2863636363636364, 1.1061945823322044
27600.0, 7832.0, 0.283768115942029, 2.0025405527614915
27700.0, 8005.0, 0.28898916967509025, 0.1994838570541821
27800.0, 8048.0, 0.28949640287769784, 0.024314194184146022
27900.0, 8144.0, 0.29189964157706094, 0.8056285433959349
28000.0, 8106.0, 0.2895, 0.02307195156728269
28100.0, 8111.0, 0.2886476868327402, 0.3174127190901163
28200.0, 8138.0, 0.2885815602836879, 0.3402490895104731
28300.0, 8196.0, 0.2896113074204947, 0.015367336757605819
28400.0, 8289.0, 0.2918661971830986, 0.7940787410857519
28500.0, 8190.0, 0.2873684210526316, 0.7591987738491542
28600.0, 8421.0, 0.2944405594405594, 1.683117878166104
28700.0, 8480.0, 0.2954703832752613, 2.038760791549708
28800.0, 8348.0, 0.2898611111111111, 0.10163540447088164
28900.0, 8224.0, 0.2845674740484429, 1.7264874685132203
29000.0, 8521.0, 0.29382758620689653, 1.4714315884337061
29100.0, 8412.0, 0.2890721649484536, 0.1708219832254814
29200.0, 8412.0, 0.2880821917808219, 0.5127027298582807
29300.0, 8475.0, 0.28924914675767915, 0.10970247508446825
29400.0, 8513.0, 0.2895578231292517, 0.0031031127668138844
29500.0, 8596.0, 0.29138983050847456, 0.6295686314016148
29600.0, 8462.0, 0.2858783783783784, 1.273775247883385
29700.0, 8660.0, 0.2915824915824916, 0.6961028708998417
29800.0, 8587.0, 0.28815436241610737, 0.4877790738612326
29900.0, 8658.0, 0.28956521739130436, 5.495528179048306E-4
30000.0, 8793.0, 0.2931, 1.2201644593977001
30100.0, 8725.0, 0.2898671096345515, 0.10370695523562456
30200.0, 8635.0, 0.2859271523178808, 1.2569314874679367
30300.0, 8659.0, 0.2857755775577558, 1.3092768376820167
30400.0, 8862.0, 0.29151315789473686, 0.6721589361434036
30500.0, 8808.0, 0.2887868852459016, 0.26934145920378333
30600.0, 8956.0, 0.2926797385620915, 1.0750299255831546
30700.0, 8817.0, 0.2871986970684039, 0.8178118396841355
30800.0, 8965.0, 0.2910714285714286, 0.5196106087745819
30900.0, 8903.0, 0.28812297734627834, 0.49861770207571127
31000.0, 9096.0, 0.2934193548387097, 1.33045156037039
31100.0, 8908.0, 0.2864308681672026, 1.0829765195076593
31200.0, 8995.0, 0.288301282051282, 0.4370413405460035
31300.0, 9067.0, 0.28968051118210864, 0.039266402372664176
31400.0, 9140.0, 0.2910828025477707, 0.5235385369762353
31500.0, 9199.0, 0.29203174603174603, 0.8512499512057055
31600.0, 9107.0, 0.2881962025316456, 0.47332986411787753
31700.0, 9208.0, 0.2904731861198738, 0.3130114981196296
31800.0, 9202.0, 0.2893710691823899, 0.06759736460848063
31900.0, 9227.0, 0.28924764890282134, 0.1102197494449053
32000.0, 9275.0, 0.28984375, 0.09563985850750799
32100.0, 9245.0, 0.288006230529595, 0.5389354502326479
32200.0, 9271.0, 0.2879192546583851, 0.5689719974447536
32300.0, 9482.0, 0.29356037151702785, 1.3791507462144141
32400.0, 9347.0, 0.28848765432098766, 0.37267889840927276
32500.0, 9298.0, 0.2860923076923077, 1.1998961610918029
32600.0, 9515.0, 0.29187116564417176, 0.795794566561483
32700.0, 9381.0, 0.2868807339449541, 0.9276183209110573
32800.0, 9472.0, 0.288780487804878, 0.27155077354198826
32900.0, 9552.0, 0.29033434650455925, 0.2650641467186703
33000.0, 9508.0, 0.2881212121212121, 0.49922731098567946
33100.0, 9535.0, 0.2880664652567976, 0.5181337818818771
33200.0, 9521.0, 0.28677710843373494, 0.9634047122034284
33300.0, 9489.0, 0.28495495495495493, 1.5926734764217025
33400.0, 9801.0, 0.2934431137724551, 1.3386565524587188
33500.0, 9533.0, 0.2845671641791045, 1.7265944798588186
33600.0, 9741.0, 0.2899107142857143, 0.11876553579480363
33700.0, 9758.0, 0.28955489614243324, 0.004113928485464433
33800.0, 9784.0, 0.2894674556213018, 0.034310939503350395
33900.0, 9779.0, 0.2884660766961652, 0.3801305897541149
34000.0, 9760.0, 0.28705882352941176, 0.866116249852346
34100.0, 9929.0, 0.29117302052785926, 0.5546947252456303
34200.0, 9847.0, 0.28792397660818714, 0.5673413030212356
34300.0, 9900.0, 0.2886297376093295, 0.3236113657825583
34400.0, 9929.0, 0.28863372093023254, 0.32223575200943305
34500.0, 9952.0, 0.28846376811594204, 0.38092784280718667
34600.0, 9907.0, 0.28632947976878614, 1.1179903385523118
34700.0, 9968.0, 0.2872622478386167, 0.7958649976081833
34800.0, 10052.0, 0.2888505747126437, 0.24734671919026102
34900.0, 10127.0, 0.2901719197707736, 0.20897113850855448
35000.0, 10194.0, 0.2912571428571429, 0.5837458204513473
35100.0, 10188.0, 0.29025641025641025, 0.23814937409843687
35200.0, 10286.0, 0.2922159090909091, 0.9148494569574372
35300.0, 10137.0, 0.2871671388101983, 0.8287102773696492
35400.0, 10275.0, 0.2902542372881356, 0.23739895374318237
35500.0, 10315.0, 0.29056338028169015, 0.3441594609047748
35600.0, 10200.0, 0.28651685393258425, 1.0532818988556685
35700.0, 10276.0, 0.28784313725490196, 0.5952586439776228
35800.0, 10225.0, 0.2856145251396648, 1.3648952349722072
35900.0, 10314.0, 0.2872980501392758, 0.7835009076704927
36000.0, 10377.0, 0.28825, 0.45475126093010904
36100.0, 10463.0, 0.2898337950138504, 0.09220196927089239
36200.0, 10499.0, 0.2900276243093923, 0.1591396464179241
36300.0, 10624.0, 0.2926721763085399, 1.0724183508708545
36400.0, 10462.0, 0.2874175824175824, 0.7422212185937137
36500.0, 10732.0, 0.294027397260274, 1.5404350264537414
36600.0, 10606.0, 0.28978142076502733, 0.07411486562261164
36700.0, 10657.0, 0.29038147138964576, 0.28133841699702966
36800.0, 10511.0, 0.285625, 1.3612778105920598
36900.0, 10539.0, 0.28560975609756095, 1.366542192413572
37000.0, 10651.0, 0.28786486486486484, 0.5877551562473162
37100.0, 10760.0, 0.2900269541778976, 0.158908220897278
37200.0, 10716.0, 0.2880645161290323, 0.5188069003839446
37300.0, 10795.0, 0.2894101876675603, 0.05408805207913481
37400.0, 10755.0, 0.28756684491978607, 0.6906743915016811
37500.0, 10770.0, 0.2872, 0.8173618807948894
37600.0, 10997.0, 0.29247340425531915, 1.003773724746873
37700.0, 10986.0, 0.2914058355437666, 0.6350958654665687
37800.0, 10889.0, 0.2880687830687831, 0.5173333407001675
37900.0, 10880.0, 0.2870712401055409, 0.8618282666458768
38000.0, 10964.0, 0.2885263157894737, 0.35932741359727316
38100.0, 11122.0, 0.29191601049868765, 0.8112814432222002
38200.0, 10991.0, 0.28772251308900526, 0.6369154092790269
38300.0, 10903.0, 0.28467362924281986, 1.6898274677180831
38400.0, 11096.0, 0.2889583333333333, 0.21013298562451002
38500.0, 11234.0, 0.29179220779220777, 0.7685269897578124
38600.0, 11226.0, 0.29082901554404145, 0.4358948581801524
38700.0, 11323.0, 0.2925839793281654, 1.041960101610078
38800.0, 11159.0, 0.28760309278350515, 0.6781564292807747
38900.0, 11392.0, 0.292853470437018, 1.1350270902092114
39000.0, 11386.0, 0.29194871794871796, 0.8225767467742837
39100.0, 11222.0, 0.2870076726342711, 0.8837808763224239
39200.0, 11280.0, 0.28775510204081634, 0.6256610283104962
39300.0, 11296.0, 0.2874300254452926, 0.7379241005070577
39400.0, 11592.0, 0.29421319796954315, 1.6046000839388892
39500.0, 11379.0, 0.28807594936708864, 0.5148585065375852
39600.0, 11486.0, 0.29005050505050506, 0.16704136043494566
39700.0, 11418.0, 0.28760705289672545, 0.6767888301288274
39800.0, 11581.0, 0.2909798994974874, 0.48800164283414815
39900.0, 11472.0, 0.28751879699248123, 0.7072674283618963
40000.0, 11493.0, 0.287325, 0.7741939498586106
40100.0, 11603.0, 0.28935162094763095, 0.07431368504774254
40200.0, 11729.0, 0.29176616915422887, 0.7595347167502288
40300.0, 11651.0, 0.28910669975186104, 0.15889561515836198
40400.0, 11810.0, 0.2923267326732673, 0.9531216549522394
40500.0, 11862.0, 0.29288888888888887, 1.1472586204830704
40600.0, 11743.0, 0.28923645320197044, 0.11408611137382371
40700.0, 11632.0, 0.28579852579852577, 1.3013518131006745
40800.0, 11585.0, 0.28394607843137254, 1.9410823731676425
40900.0, 11890.0, 0.29070904645476775, 0.3944643192981061
41000.0, 11844.0, 0.2888780487804878, 0.2378587298844011
41100.0, 11760.0, 0.28613138686131384, 1.1864004261421677
41200.0, 11959.0, 0.29026699029126213, 0.2418031198087528
41300.0, 12059.0, 0.2919854721549637, 0.8352695710689473
41400.0, 12036.0, 0.2907246376811594, 0.3998486471708048
41500.0, 11865.0, 0.2859036144578313, 1.2650601332039724
41600.0, 12150.0, 0.2920673076923077, 0.8635309376625542
41700.0, 12157.0, 0.2915347721822542, 0.6796232887096899
41800.0, 12218.0, 0.29229665071770333, 0.9427330487105269
41900.0, 11982.0, 0.2859665871121718, 1.243312939656404
42000.0, 12159.0, 0.2895, 0.02307195156728269
42100.0, 12249.0, 0.2909501187648456, 0.4777170619548376
42200.0, 12099.0, 0.28670616113744074, 0.9879058960957807
42300.0, 12259.0, 0.28981087470449174, 0.0842865906194199
42400.0, 12353.0, 0.2913443396226415, 0.6138586520586414
42500.0, 12231.0, 0.2877882352941176, 0.6142186763888613
42600.0, 12471.0, 0.29274647887323946, 1.0980782547215608
42700.0, 12361.0, 0.2894847775175644, 0.028328936130943488
42800.0, 12369.0, 0.28899532710280373, 0.19735742973993595
42900.0, 12264.0, 0.28587412587412586, 1.275243822362414
43000.0, 12397.0, 0.28830232558139535, 0.4366809642591095
43100.0, 12490.0, 0.2897911832946636, 0.07748629126341945
43200.0, 12430.0, 0.2877314814814815, 0.6338182337028446
43300.0, 12516.0, 0.28905311778290993, 0.1773997970392551
43400.0, 12494.0, 0.28788018433179724, 0.5824646787231698
43500.0, 12536.0, 0.288183908045977, 0.4775756841837863
43600.0, 12639.0, 0.2898853211009174, 0.10999616581429
43700.0, 12539.0, 0.28693363844393593, 0.90934809884493
43800.0, 12540.0, 0.2863013698630137, 1.1276979103203983
43900.0, 12830.0, 0.292255125284738, 0.9283925125317581
44000.0, 12750.0, 0.2897727272727273, 0.07111262502098638
44100.0, 12855.0, 0.29149659863945576, 0.6664403058367567
44200.0, 12719.0, 0.2877601809954751, 0.6239070445989836
44300.0, 13014.0, 0.29376975169300223, 1.4514588180215264
44400.0, 12910.0, 0.2907657657657658, 0.4140519616974431
44500.0, 12813.0, 0.2879325842696629, 0.5643687035323687
44600.0, 12910.0, 0.2894618834080718, 0.03623526683034895
44700.0, 12917.0, 0.2889709172259508, 0.20578722076513853
44800.0, 13045.0, 0.2911830357142857, 0.5581534042534017
44900.0, 12894.0, 0.2871714922048998, 0.8272068610351452
45000.0, 13059.0, 0.2902, 0.21866846167591697
45100.0, 12944.0, 0.28700665188470065, 0.8841333854981174
45200.0, 13205.0, 0.292146017699115, 0.8907129227653746
45300.0, 12936.0, 0.2855629139072848, 1.3827188358915417
45400.0, 13038.0, 0.2871806167400881, 0.8240557625964681
45500.0, 13156.0, 0.28914285714285715, 0.14640889709951332
45600.0, 13286.0, 0.29135964912280704, 0.6191456876251614
45700.0, 13144.0, 0.2876148796498906, 0.6740859122081261
45800.0, 13260.0, 0.28951965065502183, 0.016285726616594273
45900.0, 13232.0, 0.28827886710239653, 0.444782196269439
46000.0, 13282.0, 0.2887391304347826, 0.28583327030987105
46100.0, 13144.0, 0.285119305856833, 1.535915969369001
46200.0, 13505.0, 0.2923160173160173, 0.9494211765384339
46300.0, 13415.0, 0.28974082073434126, 0.06009391105727473
46400.0, 13386.0, 0.28849137931034485, 0.37139249774279626
46500.0, 13428.0, 0.28877419354838707, 0.2737244537779635
46600.0, 13627.0, 0.2924248927038627, 0.9870205783237959
46700.0, 13718.0, 0.2937473233404711, 1.4437133334368975
46800.0, 13731.0, 0.2933974358974359, 1.3228819976255624
46900.0, 13644.0, 0.2909168443496802, 0.46622596070838573
47000.0, 13570.0, 0.28872340425531917, 0.2912642033416253
47100.0, 13839.0, 0.2938216560509554, 1.4693836479368392
47200.0, 13531.0, 0.28667372881355935, 0.999106186635102
47300.0, 13626.0, 0.28807610993657506, 0.5148030549175799
47400.0, 13669.0, 0.28837552742616035, 0.41140118682531596
47500.0, 13970.0, 0.29410526315789476, 1.567325503980021
47600.0, 13683.0, 0.2874579831932773, 0.7282690754339582
47700.0, 13597.0, 0.2850524109014675, 1.559017703874628
47800.0, 13933.0, 0.29148535564853556, 0.6625576125922725
47900.0, 13819.0, 0.28849686847599165, 0.36949685035448543
48000.0, 13886.0, 0.28929166666666667, 0.09501850312774736
48100.0, 13961.0, 0.2902494802494803, 0.23575614161410866
48200.0, 13888.0, 0.28813278008298754, 0.4952323911857178
48300.0, 14023.0, 0.2903312629399586, 0.2639992578889198
48400.0, 13955.0, 0.28832644628099174, 0.4283510387046126
48500.0, 14048.0, 0.28964948453608247, 0.028551553469927576
48600.0, 13940.0, 0.2868312757201646, 0.9446983947666197
48700.0, 14166.0, 0.29088295687885013, 0.4545231447052097
48800.0, 14229.0, 0.291577868852459, 0.694506441373567
48900.0, 14138.0, 0.289120654396728, 0.15407646999149816
49000.0, 14197.0, 0.289734693877551, 0.05797804121105236
49100.0, 14180.0, 0.28879837067209774, 0.26537504252532307
49200.0, 14172.0, 0.28804878048780486, 0.5242411009738923
49300.0, 14430.0, 0.2926977687626775, 1.081256537212463
49400.0, 14114.0, 0.2857085020242915, 1.3324409336508272
49500.0, 14285.0, 0.2885858585858586, 0.3387646990204917
49600.0, 14193.0, 0.2861491935483871, 1.1802510034399143
49700.0, 14224.0, 0.28619718309859155, 1.1636781267287974
49800.0, 14466.0, 0.29048192771084336, 0.31603034928159685
49900.0, 14528.0, 0.29114228456913827, 0.5440802632990032
50000.0, 14566.0, 0.29132, 0.6054531228650211
50100.0, 14502.0, 0.28946107784431135, 0.036513462996545565
50200.0, 14453.0, 0.28790836653386453, 0.5727321399033827
50300.0, 14317.0, 0.28463220675944334, 1.7041324509309383
50400.0, 14637.0, 0.29041666666666666, 0.2934928752988002
50500.0, 14689.0, 0.29087128712871285, 0.45049307296145225
50600.0, 14525.0, 0.28705533596837945, 0.8673206562025735
50700.0, 14751.0, 0.2909467455621302, 0.47655214850000793
50800.0, 14769.0, 0.29072834645669293, 0.40112944849951726
50900.0, 14741.0, 0.28960707269155206, 0.013904900865374494
51000.0, 14665.0, 0.2875490196078431, 0.6968302461806465
51100.0, 14727.0, 0.28819960861056754, 0.4721535970805427
51200.0, 14841.0, 0.28986328125, 0.10238484771629616
51300.0, 14692.0, 0.28639376218323587, 1.0957908279332462
51400.0, 14881.0, 0.2895136186770428, 0.018368830687064273
51500.0, 14967.0, 0.29062135922330096, 0.36418210848248656
51600.0, 14978.0, 0.29027131782945736, 0.2432976067682417
51700.0, 15102.0, 0.2921083172147002, 0.8776933075055091
51800.0, 14895.0, 0.28754826254826255, 0.6970916917461597
51900.0, 15050.0, 0.28998073217726394, 0.14294575584855784
52000.0, 15028.0, 0.289, 0.1957436753124171
52100.0, 15059.0, 0.28904030710172746, 0.18182388184350923
52200.0, 15006.0, 0.2874712643678161, 0.7236825088320078
52300.0, 15155.0, 0.28977055449330785, 0.07036226988564093
52400.0, 15139.0, 0.288912213740458, 0.22606008482491913
52500.0, 15183.0, 0.2892, 0.12667498581435183
52600.0, 15138.0, 0.28779467680608367, 0.6119941424394563
52700.0, 15321.0, 0.2907210626185958, 0.39861402274009816
52800.0, 15214.0, 0.2881439393939394, 0.49137859626998726
52900.0, 15404.0, 0.2911909262759924, 0.5608783580358252
53000.0, 15470.0, 0.29188679245283017, 0.8011911825368487
53100.0, 15461.0, 0.2911676082862524, 0.5528256430704589
53200.0, 15107.0, 0.2839661654135338, 1.9341454654983936
53300.0, 15461.0, 0.2900750469043152, 0.17551672883753563
53400.0, 15511.0, 0.2904681647940075, 0.31127741613397986
53500.0, 15488.0, 0.28949532710280373, 0.024685705994801573
53600.0, 15658.0, 0.2921268656716418, 0.8840988955713469
53700.0, 15412.0, 0.28700186219739293, 0.8857874726253644
53800.0, 15600.0, 0.2899628252788104, 0.1367617258027522
53900.0, 15662.0, 0.29057513914656774, 0.3482203078401728
54000.0, 15666.0, 0.2901111111111111, 0.18797126634343925
54100.0, 15761.0, 0.2913308687615527, 0.6092065784495634
54200.0, 15568.0, 0.28723247232472326, 0.8061477762269373
54300.0, 15704.0, 0.28920810313075507, 0.12387662270393672
54400.0, 15646.0, 0.28761029411764705, 0.675669495721684
54500.0, 15866.0, 0.29111926605504584, 0.5361309702862231
54600.0, 15826.0, 0.28985347985347987, 0.09899999965181672
54700.0, 15809.0, 0.2890127970749543, 0.19132428932989762
54800.0, 15889.0, 0.28994525547445255, 0.13069410899408163
54900.0, 15956.0, 0.29063752276867033, 0.36976408296401164
55000.0, 15887.0, 0.2888545454545455, 0.24597544949280553
55100.0, 16178.0, 0.29361161524500906, 1.3968474318976984
55200.0, 16201.0, 0.2934963768115942, 1.3570505940188269
55300.0, 15980.0, 0.2889692585895118, 0.20636001999112547
55400.0, 15983.0, 0.2885018050541516, 0.36779203543391437
55500.0, 16021.0, 0.2886666666666667, 0.31085815780916054
55600.0, 16073.0, 0.28908273381294963, 0.1671720951243687
55700.0, 16104.0, 0.2891202872531418, 0.15420326062328027
55800.0, 16003.0, 0.2867921146953405, 0.9582223980866253
55900.0, 16026.0, 0.286690518783542, 0.9933078805180295
56000.0, 16063.0, 0.28683928571428574, 0.9419321957824449
56100.0, 16283.0, 0.2902495543672014, 0.23578173768344285
56200.0, 16355.0, 0.29101423487544487, 0.4998591406288517
56300.0, 16302.0, 0.28955595026642983, 0.0037498936703994406
56400.0, 16272.0, 0.2885106382978723, 0.3647415325948874
56500.0, 16198.0, 0.28669026548672566, 0.9933953549138279
56600.0, 16398.0, 0.2897173144876325, 0.051976182781310984
56700.0, 16348.0, 0.28832451499118167, 0.4290179969857269
56800.0, 16405.0, 0.2888204225352113, 0.25775957609410693
56900.0, 16403.0, 0.2882776801405975, 0.4451921057491503
57000.0, 16501.0, 0.28949122807017547, 0.02610128005402295
57100.0, 16522.0, 0.28935201401050786, 0.07417794335874885
57200.0, 16623.0, 0.2906118881118881, 0.36091132221560435
57300.0, 16469.0, 0.2874171029668412, 0.7423867937655884
57400.0, 16632.0, 0.2897560975609756, 0.06536966303388371
57500.0, 16754.0, 0.29137391304347826, 0.6240716391644884
57600.0, 16760.0, 0.29097222222222224, 0.48535034612673794
57700.0, 16588.0, 0.28748700173310227, 0.7182477128496749
57800.0, 16718.0, 0.28923875432525953, 0.11329143352407146
57900.0, 16613.0, 0.28692573402417965, 0.9120778384139768
58000.0, 16686.0, 0.2876896551724138, 0.6482626754720717
58100.0, 16774.0, 0.28870912220309813, 0.29619641649287437
58200.0, 16805.0, 0.2887457044673539, 0.28356297123777946
58300.0, 16862.0, 0.28922813036020584, 0.11696035024172927
58400.0, 16719.0, 0.28628424657534246, 1.1336113255171478
58500.0, 16759.0, 0.2864786324786325, 1.0664814275314631
58600.0, 16939.0, 0.289061433447099, 0.17452803690002908
58700.0, 16944.0, 0.2886541737649063, 0.3151724995722418
58800.0, 17001.0, 0.2891326530612245, 0.1499328098290078
58900.0, 17037.0, 0.28925297113752124, 0.10838175056528934
59000.0, 17360.0, 0.29423728813559324, 1.6129194649332417
59100.0, 17167.0, 0.29047377326565144, 0.3132142650666483
59200.0, 17316.0, 0.2925, 1.0129583909035238
59300.0, 17147.0, 0.2891568296795953, 0.14158357309218406
59400.0, 17241.0, 0.29025252525252526, 0.2368077134632832
59500.0, 17000.0, 0.2857142857142857, 1.330443574209012
59600.0, 17161.0, 0.2879362416107383, 0.563105664756749
59700.0, 17111.0, 0.28661641541038524, 1.018898994874648
59800.0, 17260.0, 0.288628762541806, 0.3239480989626407
59900.0, 17378.0, 0.29011686143572624, 0.18995710327021956
60000.0, 17338.0, 0.28896666666666665, 0.20725512356209144
60100.0, 17496.0, 0.29111480865224626, 0.5345916354365617
60200.0, 17373.0, 0.2885880398671096, 0.3380114078333212
60300.0, 17304.0, 0.28696517412935324, 0.8984574565239491
60400.0, 17504.0, 0.28980132450331125, 0.08098849121952524
60500.0, 17349.0, 0.2867603305785124, 0.9691988345674686
60600.0, 17254.0, 0.2847194719471947, 1.6739959901469936
60700.0, 17498.0, 0.28827018121911036, 0.4477818091479847
60800.0, 17558.0, 0.2887828947368421, 0.2707195553596412
60900.0, 17528.0, 0.28781609195402297, 0.6045985614215854
61000.0, 17799.0, 0.29178688524590163, 0.7666888832670231
61100.0, 17651.0, 0.2888870703764321, 0.2347431808391351
61200.0, 17865.0, 0.29191176470588237, 0.8098151864974956
61300.0, 17786.0, 0.2901468189233279, 0.20030272531672055
61400.0, 17675.0, 0.28786644951140067, 0.5872079089495813
61500.0, 17641.0, 0.28684552845528455, 0.939776306084128
61600.0, 18091.0, 0.2936850649350649, 1.422212801078677
61700.0, 17688.0, 0.286677471636953, 0.9978136271009882
61800.0, 17845.0, 0.28875404530744336, 0.2806825167663279
61900.0, 17820.0, 0.2878836833602585, 0.5812563121714946
62000.0, 18013.0, 0.2905322580645161, 0.33341160713234713
62100.0, 17880.0, 0.28792270531400965, 0.5677803361352627
62200.0, 18108.0, 0.29112540192926045, 0.5382499542408625
62300.0, 17994.0, 0.2888282504012841, 0.25505627383802015
62400.0, 18024.0, 0.28884615384615386, 0.24887343646475285
62500.0, 17957.0, 0.287312, 0.7786834146759789
62600.0, 18017.0, 0.28781150159744406, 0.6061838109877538
62700.0, 18034.0, 0.2876236044657097, 0.6710728542344232
62800.0, 18186.0, 0.2895859872611465, 0.006623185637296639
62900.0, 18264.0, 0.29036565977742446, 0.27587798032214456
63000.0, 18102.0, 0.28733333333333333, 0.771316087796192
63100.0, 18234.0, 0.2889698890649762, 0.2061422894206753
63200.0, 18302.0, 0.2895886075949367, 0.007528100741988671
63300.0, 18413.0, 0.29088467614533964, 0.4551168821218509
63400.0, 18320.0, 0.2889589905362776, 0.20990602489402901
63500.0, 18310.0, 0.28834645669291337, 0.4214405740658991
63600.0, 18623.0, 0.292814465408805, 1.1215569592966899
63700.0, 18509.0, 0.2905651491365777, 0.3447703233497557
63800.0, 18447.0, 0.28913793103448276, 0.14811009634823283
63900.0, 18354.0, 0.2872300469483568, 0.8069853640627943
64000.0, 18729.0, 0.292640625, 1.0615223132068445
64100.0, 18588.0, 0.28998439937597503, 0.14421219889407688
64200.0, 18420.0, 0.2869158878504673, 0.9154781499883904
64300.0, 18692.0, 0.29069984447900465, 0.3912864772643567
64400.0, 18638.0, 0.28940993788819874, 0.05417431174497579
64500.0, 18696.0, 0.28986046511627905, 0.10141231438851321
64600.0, 18745.0, 0.2901702786377709, 0.20840438397960623
64700.0, 18661.0, 0.28842349304482223, 0.39483657471561784
64800.0, 18782.0, 0.2898456790123457, 0.09630603028122044
64900.0, 18656.0, 0.2874576271186441, 0.7283920434753595
65000.0, 18867.0, 0.29026153846153846, 0.23992036613685128
65100.0, 18945.0, 0.2910138248847926, 0.4997175530435609
65200.0, 19022.0, 0.2917484662576687, 0.7534211374215769
65300.0, 18674.0, 0.28597243491577334, 1.2412934390004084
65400.0, 18876.0, 0.2886238532110092, 0.32564350418488874
65500.0, 19260.0, 0.29404580152671755, 1.5467908192758903
65600.0, 18987.0, 0.2894359756097561, 0.04518235521756949
65700.0, 18763.0, 0.28558599695585996, 1.374747256318004
65800.0, 19242.0, 0.29243161094224923, 0.9893406779292683
65900.0, 18924.0, 0.28716236722306526, 0.8303581137201677
66000.0, 19017.0, 0.28813636363636363, 0.49399483450855136
66100.0, 19076.0, 0.2885930408472012, 0.33628435212765917
66200.0, 19226.0, 0.2904229607250755, 0.295666487128418
66300.0, 19275.0, 0.2907239819004525, 0.3996221776006849
66400.0, 19154.0, 0.28846385542168673, 0.38089769234032994
66500.0, 19074.0, 0.28682706766917293, 0.9461516176032947
66600.0, 19183.0, 0.288033033033033, 0.5296793812939972
66700.0, 19292.0, 0.2892353823088456, 0.11445593729745088
66800.0, 19199.0, 0.2874101796407186, 0.7447777190768736
66900.0, 19421.0, 0.29029895366218234, 0.25284146051574735
67000.0, 19390.0, 0.28940298507462686, 0.05657542035364633
67100.0, 19563.0, 0.2915499254843517, 0.6848563822969034
67200.0, 19290.0, 0.2870535714285714, 0.8679300284631181
67300.0, 19324.0, 0.28713224368499257, 0.8407610802087949
67400.0, 19527.0, 0.2897181008902077, 0.052247761757754675
67500.0, 19701.0, 0.29186666666666666, 0.7942408741596919
67600.0, 19748.0, 0.2921301775147929, 0.8852426189026985
67700.0, 19471.0, 0.28760709010339736, 0.6767759810484805
67800.0, 19474.0, 0.28722713864306787, 0.807989728237627
67900.0, 19590.0, 0.2885125184094256, 0.3640922483894127
68000.0, 19657.0, 0.28907352941176473, 0.1703507747616468
68100.0, 19811.0, 0.29091042584434657, 0.46400937194874
68200.0, 19882.0, 0.291524926686217, 0.6762232111659447
68300.0, 19920.0, 0.2916544655929722, 0.7209586238089097
68400.0, 19662.0, 0.2874561403508772, 0.7289054889815982
68500.0, 19748.0, 0.2882919708029197, 0.44025691915589305
68600.0, 19918.0, 0.2903498542274052, 0.27041963718902307
68700.0, 19962.0, 0.2905676855895197, 0.3456462707531287
68800.0, 19839.0, 0.2883575581395349, 0.4176067622174904
68900.0, 19956.0, 0.28963715529753264, 0.024293731724201385
69000.0, 19795.0, 0.2868840579710145, 0.9264703902918102
69100.0, 20099.0, 0.2908683068017366, 0.4494638365688206
69200.0, 20119.0, 0.29073699421965316, 0.40411589677327947
69300.0, 20126.0, 0.2904184704184704, 0.294115789165125
69400.0, 20362.0, 0.29340057636887606, 1.3239665388594577
69500.0, 20177.0, 0.29031654676258994, 0.2589171224625535
69600.0, 20169.0, 0.2897844827586207, 0.07517230504633057
69700.0, 20256.0, 0.2906169296987087, 0.3626524011890626
69800.0, 20162.0, 0.28885386819484243, 0.24620933669350004
69900.0, 20306.0, 0.29050071530758226, 0.3225185227094657
70000.0, 20308.0, 0.2901142857142857, 0.1890675947481747
70100.0, 20449.0, 0.29171184022824537, 0.7407725781526417
70200.0, 20260.0, 0.2886039886039886, 0.33250361605641554
70300.0, 20454.0, 0.2909530583214794, 0.47873221857683806
70400.0, 20239.0, 0.28748579545454545, 0.7186642932451207
70500.0, 20341.0, 0.2885248226950355, 0.35984304397798916
70600.0, 20453.0, 0.2897025495750708, 0.04687721697536344
70700.0, 20631.0, 0.2918104667609618, 0.7748326049749409
70800.0, 20483.0, 0.2893079096045198, 0.08940911097217792
70900.0, 20685.0, 0.29174894217207337, 0.7535854913427934
71000.0, 20487.0, 0.2885492957746479, 0.3513914262939402
71100.0, 20729.0, 0.29154711673699013, 0.6838863997999254
71200.0, 20666.0, 0.29025280898876404, 0.23690569991416205
71300.0, 20586.0, 0.28872370266479663, 0.2911611495839149
71400.0, 20617.0, 0.2887535014005602, 0.2808703514444664
71500.0, 20694.0, 0.2894265734265734, 0.04842933757181224
71600.0, 20660.0, 0.28854748603351954, 0.35201640853426763
71700.0, 20796.0, 0.2900418410041841, 0.16404928880925734
71800.0, 20804.0, 0.2897493036211699, 0.06302342043934789
71900.0, 20883.0, 0.29044506258692626, 0.30329922029591105
72000.0, 20841.0, 0.2894583333333333, 0.037461261879375624
72100.0, 21008.0, 0.291373092926491, 0.6237884171367607
72200.0, 20957.0, 0.29026315789473683, 0.24047962678055806
72300.0, 21016.0, 0.2906777316735823, 0.38364996480611796
72400.0, 20944.0, 0.28928176795580113, 0.09843695806376278
72500.0, 21113.0, 0.29121379310344825, 0.5687752670625889
72600.0, 21017.0, 0.28949035812672175, 0.026401709325451685
72700.0, 21063.0, 0.28972489683631364, 0.05459469721493106
72800.0, 20876.0, 0.28675824175824177, 0.9699201949609191
72900.0, 20787.0, 0.2851440329218107, 1.5273766395032888
73000.0, 21168.0, 0.289972602739726, 0.1401383078630564
73100.0, 21226.0, 0.29036935704514366, 0.2771548075025893
73200.0, 21281.0, 0.290724043715847, 0.39964352514211915
73300.0, 21290.0, 0.29045020463847204, 0.30507499410390376
73400.0, 21311.0, 0.29034059945504087, 0.26722356219497967
73500.0, 21340.0, 0.29034013605442177, 0.26706352982761067
73600.0, 21338.0, 0.2899184782608696, 0.12144677374115813
73700.0, 21421.0, 0.29065128900949794, 0.3745181640303985
73800.0, 21512.0, 0.29149051490514905, 0.6643393280576604
73900.0, 21603.0, 0.2923274695534506, 0.9533761316951331
74000.0, 21437.0, 0.2896891891891892, 0.042263295255203705
74100.0, 21299.0, 0.2874358974358974, 0.7358962470279617
74200.0, 21556.0, 0.2905121293800539, 0.32646029784672126
74300.0, 21664.0, 0.29157469717362045, 0.693411122869125
74400.0, 21487.0, 0.28880376344086023, 0.2635126851693666
74500.0, 21683.0, 0.2910469798657718, 0.5111674084763997
74600.0, 21666.0, 0.2904289544235925, 0.29773637163749744
74700.0, 21646.0, 0.2897724230254351, 0.07100755521221078
74800.0, 21715.0, 0.290307486631016, 0.2557882653900993
74900.0, 21765.0, 0.2905874499332443, 0.3524717573523777
75000.0, 21611.0, 0.28814666666666666, 0.49043675050410723
75100.0, 21698.0, 0.2889214380825566, 0.22287451872375844
75200.0, 21696.0, 0.2885106382978723, 0.3647415325948874
75300.0, 21667.0, 0.28774236387782204, 0.6300600694336397
75400.0, 21851.0, 0.28980106100795755, 0.08089749482567982
75500.0, 22035.0, 0.29185430463576156, 0.7899717277889434
75600.0, 21973.0, 0.29064814814814816, 0.3734334881437759
75700.0, 21829.0, 0.28836195508586526, 0.41608830561333243
75800.0, 21824.0, 0.2879155672823219, 0.5702454086065966
75900.0, 22167.0, 0.29205533596837946, 0.8593965812487704
76000.0, 21973.0, 0.2891184210526316, 0.15484774074119345
76100.0, 22218.0, 0.291957950065703, 0.8257649978815373
76200.0, 22195.0, 0.2912729658792651, 0.5892101974607491
76300.0, 22317.0, 0.29249017038007863, 1.0095637960723647
76400.0, 21997.0, 0.28791884816753927, 0.5691123763948212
76500.0, 22233.0, 0.29062745098039217, 0.366285856877638
76600.0, 22182.0, 0.2895822454308094, 0.005330969048766304
76700.0, 22078.0, 0.28784876140808346, 0.5933163795287086
76800.0, 22091.0, 0.2876432291666667, 0.6642955923499828
76900.0, 22062.0, 0.2868920676202861, 0.9237043103991831
77000.0, 22319.0, 0.28985714285714287, 0.10026499396496712
77100.0, 22318.0, 0.2894682230869001, 0.03404590028778593
77200.0, 22361.0, 0.28965025906735753, 0.028819032770646062
77300.0, 22435.0, 0.29023285899094436, 0.23001609888969068
77400.0, 22244.0, 0.28739018087855295, 0.7516841605486901
77500.0, 22649.0, 0.2922451612903226, 0.9249515123495561
77600.0, 22270.0, 0.2869845360824742, 0.8917709328830096
77700.0, 22477.0, 0.28927927927927927, 0.09929640619351042
77800.0, 22431.0, 0.28831619537275066, 0.4318911226964946
77900.0, 22569.0, 0.2897175866495507, 0.05207017211642617
78000.0, 22642.0, 0.29028205128205126, 0.24700433429048965
78100.0, 22543.0, 0.28864276568501923, 0.31911220520969297
78200.0, 22531.0, 0.28812020460358057, 0.49957525059796487
78300.0, 22702.0, 0.2899361430395913, 0.1275471893240719
78400.0, 22621.0, 0.28853316326530615, 0.3569626826866848
78500.0, 22916.0, 0.2919235668789809, 0.8138909896432225
78600.0, 22811.0, 0.29021628498727736, 0.22429237532461166
78700.0, 22791.0, 0.2895933926302414, 0.00918058133048013
78800.0, 22838.0, 0.2898223350253807, 0.08824433734455298
78900.0, 22758.0, 0.2884410646387833, 0.3887683398792128
79000.0, 22597.0, 0.2860379746835443, 1.218659709650673
79100.0, 22919.0, 0.2897471554993679, 0.062281580650618784
79200.0, 22972.0, 0.29005050505050506, 0.16704136043494566
79300.0, 22876.0, 0.28847414880201766, 0.3773429408905188
79400.0, 22869.0, 0.28802267002518894, 0.5332581781492376
79500.0, 22833.0, 0.28720754716981134, 0.8147555151534508
79600.0, 22863.0, 0.28722361809045227, 0.809205528014969
79700.0, 23182.0, 0.2908657465495609, 0.4485796702560166
79800.0, 23140.0, 0.2899749373433584, 0.14094454792997857
79900.0, 23295.0, 0.29155193992490613, 0.6855520561427312
80000.0, 23209.0, 0.2901125, 0.1884509100205122
80100.0, 23034.0, 0.28756554307116106, 0.6911239763939535
80200.0, 23436.0, 0.29221945137157107, 0.916072760373217
80300.0, 23116.0, 0.2878704856787049, 0.5858140450180976
80400.0, 23293.0, 0.2897139303482587, 0.050807492423180355
80500.0, 23404.0, 0.2907329192546584, 0.40270863431358295
80600.0, 23354.0, 0.28975186104218364, 0.06390660902891625
80700.0, 23272.0, 0.28837670384138786, 0.41099491953496736
80800.0, 23473.0, 0.29050742574257427, 0.324835927463765
80900.0, 23611.0, 0.2918541409147095, 0.7899151877964021
81000.0, 23327.0, 0.28798765432098766, 0.5453506221544071
81100.0, 23568.0, 0.29060419235511714, 0.3582536430412767
81200.0, 23405.0, 0.28823891625615766, 0.4585789592397232
81300.0, 23436.0, 0.28826568265682656, 0.44933535815581993
81400.0, 23728.0, 0.2914987714987715, 0.66719068856377
81500.0, 23597.0, 0.28953374233128837, 0.011419258553791719
81600.0, 23449.0, 0.28736519607843136, 0.7603124975575338
81700.0, 23586.0, 0.2886903304773562, 0.30268601584488375
81800.0, 23789.0, 0.2908190709046455, 0.43246054212710244
81900.0, 23528.0, 0.2872771672771673, 0.7907126672645044
82000.0, 23499.0, 0.2865731707317073, 1.0338332612948986
82100.0, 23737.0, 0.28912302070645557, 0.15325928043235532
82200.0, 23709.0, 0.2884306569343066, 0.3923625724236526
82300.0, 23826.0, 0.289501822600243, 0.02244252851596618
82400.0, 24105.0, 0.2925364077669903, 1.0255315746713833
82500.0, 23952.0, 0.2903272727272727, 0.26262126408375924
82600.0, 23711.0, 0.28705811138014525, 0.8663621859351675
82700.0, 24314.0, 0.2940024183796856, 1.5318087337168993
82800.0, 23778.0, 0.2871739130434783, 0.8263708402946329
82900.0, 24003.0, 0.2895416164053076, 0.00869999868618899
83000.0, 24028.0, 0.2894939759036145, 0.025152333781066325
83100.0, 24114.0, 0.29018050541516244, 0.21193613454071691
83200.0, 24230.0, 0.29122596153846153, 0.5729775563606371
83300.0, 24032.0, 0.28849939975990396, 0.3686226880416315
83400.0, 24154.0, 0.28961630695443646, 0.017093893044906532
83500.0, 24292.0, 0.29092215568862273, 0.46806019680959476
83600.0, 24107.0, 0.28836124401913876, 0.41633386784805754
83700.0, 24196.0, 0.28908004778972524, 0.16809969564472066
83800.0, 24408.0, 0.2912649164677804, 0.5864303859483586
83900.0, 24349.0, 0.2902145411203814, 0.22369014231880274
84000.0, 24433.0, 0.29086904761904764, 0.4497196729729795
84100.0, 24396.0, 0.2900832342449465, 0.17834417327692378
84200.0, 24569.0, 0.2917933491686461, 0.7689211566319016
84300.0, 24564.0, 0.29138790035587186, 0.628902065847619
84400.0, 24288.0, 0.28777251184834124, 0.6196486653597039
84500.0, 24417.0, 0.2889585798816568, 0.21004784177650676
84600.0, 24514.0, 0.28976359338061464, 0.06795829522979757
84700.0, 24449.0, 0.28865407319952774, 0.3152072291667788
84800.0, 24556.0, 0.2895754716981132, 0.002991704847084092
84900.0, 24675.0, 0.29063604240282687, 0.3692528483200827
85000.0, 24407.0, 0.28714117647058823, 0.8376762012354979
85100.0, 24718.0, 0.29045828437132787, 0.30786527690313503
85200.0, 24571.0, 0.28839201877934273, 0.4057060060635334
85300.0, 24664.0, 0.28914419695193433, 0.14594620281382012
85400.0, 24548.0, 0.2874473067915691, 0.7319561008066623
85500.0, 24738.0, 0.28933333333333333, 0.08062919281565442
85600.0, 24526.0, 0.28651869158878507, 1.0526472763279753
85700.0, 25046.0, 0.29225204200700117, 0.927327722768545
85800.0, 24853.0, 0.28966200466200465, 0.03287529691890461
85900.0, 24705.0, 0.28760186263096627, 0.6785812543994937
86000.0, 24726.0, 0.28751162790697676, 0.709743225065361
86100.0, 24752.0, 0.28747967479674796, 0.7207780223098111
86200.0, 24960.0, 0.28955916473317866, 0.002639798641513785
86300.0, 24846.0, 0.2879026651216686, 0.5747010852466824
86400.0, 25022.0, 0.2896064814814815, 0.013700730341414169
86500.0, 24784.0, 0.2865202312138728, 1.0521155768923276
86600.0, 24870.0, 0.2871824480369515, 0.823423336224292
86700.0, 25158.0, 0.2901730103806228, 0.2093477734737468
86800.0, 24910.0, 0.2869815668202765, 0.8927963481268752
86900.0, 25061.0, 0.2883889528193326, 0.4067648152633063
87000.0, 25030.0, 0.28770114942528735, 0.644293210558393
87100.0, 25198.0, 0.2892996555683123, 0.09225958829179316
87200.0, 25230.0, 0.2893348623853211, 0.08010114473081385
87300.0, 25368.0, 0.29058419243986255, 0.35134680335774443
87400.0, 25233.0, 0.2887070938215103, 0.29689690478325165
87500.0, 25291.0, 0.28904, 0.1819299374127925
87600.0, 25342.0, 0.2892922374429224, 0.094821389287857
87700.0, 25503.0, 0.2907981755986317, 0.4252444851119359
87800.0, 25332.0, 0.28851936218678814, 0.36172879472117664
87900.0, 25302.0, 0.28784982935153586, 0.5929475722551345
88000.0, 25514.0, 0.2899318181818182, 0.12605362803079403
88100.0, 25542.0, 0.2899205448354143, 0.12216045171892474
88200.0, 25895.0, 0.29359410430839, 1.3908001446768892
88300.0, 25600.0, 0.289920724801812, 0.12222260193514875
88400.0, 25801.0, 0.29186651583710405, 0.794188786158554
88500.0, 25386.0, 0.28684745762711866, 0.9391100792321339
88600.0, 25760.0, 0.290744920993228, 0.4068533560870971
88700.0, 25469.0, 0.28713641488162345, 0.8393205847841286
88800.0, 25666.0, 0.28903153153153155, 0.18485446750865658
88900.0, 25819.0, 0.29042744656917885, 0.2972156439959698
89000.0, 25821.0, 0.290123595505618, 0.1922826701822829
89100.0, 25674.0, 0.28814814814814815, 0.4899251305818961
89200.0, 25767.0, 0.2888677130044843, 0.2414281224019218
89300.0, 25694.0, 0.28772676371780515, 0.6354474824752734
89400.0, 25896.0, 0.28966442953020133, 0.033712709261656315
89500.0, 25858.0, 0.2889162011173184, 0.22468307035350055
89600.0, 25987.0, 0.2900334821428571, 0.16116261082149952
89700.0, 25938.0, 0.2891638795986622, 0.1391489297370883
89800.0, 26125.0, 0.29092427616926503, 0.4687924909049423
89900.0, 25993.0, 0.28913236929922137, 0.15003080517743103
90000.0, 26051.0, 0.2894555555555556, 0.03842054923350237
90100.0, 26307.0, 0.29197558268590457, 0.831854307730226
90200.0, 26137.0, 0.28976718403547674, 0.06919830435862522
90300.0, 26089.0, 0.28891472868217055, 0.2251915661836699
90400.0, 25914.0, 0.28665929203539825, 1.0040918333759075
90500.0, 26185.0, 0.28933701657458566, 0.07935720958363711
90600.0, 26048.0, 0.28750551876379693, 0.7118529776322963
90700.0, 26280.0, 0.2897464167585447, 0.06202646134792059
90800.0, 26422.0, 0.2909911894273128, 0.4919005461219588
90900.0, 26370.0, 0.2900990099009901, 0.18379219272144268
91000.0, 26082.0, 0.2866153846153846, 1.0192549731738227
91100.0, 26603.0, 0.292019758507135, 0.847110138129664
91200.0, 26467.0, 0.29020833333333335, 0.22154632373833555
91300.0, 26349.0, 0.28859802847754656, 0.33456190666939123
91400.0, 26579.0, 0.2907986870897155, 0.42542112520618325
91500.0, 26506.0, 0.2896830601092896, 0.04014665767274883
91600.0, 26449.0, 0.2887445414847162, 0.28396459967127063
91700.0, 26680.0, 0.29094874591057795, 0.4772429557291435
91800.0, 26680.0, 0.2906318082788671, 0.3677906213547116
91900.0, 26569.0, 0.289107725788901, 0.1585412799897358
92000.0, 26677.0, 0.28996739130434784, 0.13833857280318196
92100.0, 26576.0, 0.2885559174809989, 0.34910466339441154
92200.0, 26442.0, 0.2867895878524946, 0.959095026706297
92300.0, 26861.0, 0.2910184182015168, 0.5013038248765107
92400.0, 26702.0, 0.288982683982684, 0.20172364842911583
92500.0, 26822.0, 0.2899675675675676, 0.13839944415115346
92600.0, 26748.0, 0.2888552915766739, 0.2457177811047301
92700.0, 27098.0, 0.292319309600863, 0.9505581455371648
92800.0, 26831.0, 0.2891271551724138, 0.1518314697048175
92900.0, 27062.0, 0.291302475780409, 0.5994012484568876
93000.0, 26788.0, 0.2880430107526882, 0.5262336411901918
93100.0, 26833.0, 0.2882169709989259, 0.4661576100281996
93200.0, 26995.0, 0.28964592274678114, 0.027321512873371707
93300.0, 26923.0, 0.28856377277599143, 0.3463918887406377
93400.0, 27020.0, 0.2892933618843683, 0.09443307080241017
93500.0, 26971.0, 0.28845989304812836, 0.38226607208522345
93600.0, 27150.0, 0.2900641025641026, 0.1717371726580124
93700.0, 27068.0, 0.28887940234791887, 0.23739128424134004
93800.0, 27147.0, 0.2894136460554371, 0.052893720487002846
93900.0, 27077.0, 0.28835995740149095, 0.41677819282215434
94000.0, 27408.0, 0.2915744680851064, 0.6933320086519033
94100.0, 26985.0, 0.286769394261424, 0.9660687510638208
94200.0, 27172.0, 0.28845010615711253, 0.38564591076884114
94300.0, 27374.0, 0.2902863202545069, 0.24847859595556326
94400.0, 27428.0, 0.2905508474576271, 0.3398313322360522
94500.0, 27434.0, 0.2903068783068783, 0.25557818463518417
94600.0, 27168.0, 0.28718816067653274, 0.8214505135770276
94700.0, 27498.0, 0.2903695881731785, 0.2772346260549464
94800.0, 27290.0, 0.2878691983122363, 0.5862586285925453
94900.0, 27183.0, 0.28643835616438357, 1.0803905887463832
95000.0, 27499.0, 0.28946315789473687, 0.03579513121164548
95100.0, 27434.0, 0.2884752891692955, 0.3769491225233879
95200.0, 27475.0, 0.28860294117647056, 0.33286533828649606
95300.0, 27511.0, 0.2886778593913956, 0.30699282366445996
95400.0, 27625.0, 0.28957023060796644, 0.001181728707191919
95500.0, 27799.0, 0.2910890052356021, 0.5256805945756416
95600.0, 27617.0, 0.2888807531380753, 0.23692479771187525
95700.0, 27774.0, 0.29021943573667713, 0.22538046598450673
95800.0, 27627.0, 0.2883820459290188, 0.40915006457570974
95900.0, 27640.0, 0.28821689259645467, 0.4661846858079085
96000.0, 27546.0, 0.2869375, 0.9080145357610845
96100.0, 27833.0, 0.28962539021852235, 0.02023073877879064
96200.0, 27757.0, 0.28853430353430354, 0.35656889826005966
96300.0, 27761.0, 0.288276220145379, 0.44569630553122647
96400.0, 28045.0, 0.29092323651452284, 0.4684334529520764
96500.0, 28037.0, 0.29053886010362695, 0.33569157807935296
96600.0, 27863.0, 0.2884368530020704, 0.39022280102121565
96700.0, 27828.0, 0.28777662874870735, 0.6182269207942963
96800.0, 28074.0, 0.2900206611570248, 0.15673496737393908
96900.0, 28194.0, 0.2909597523219814, 0.48104394778770615
97000.0, 28022.0, 0.2888865979381443, 0.23490633430615948
97100.0, 28069.0, 0.28907312049433576, 0.17049199171630733
97200.0, 28134.0, 0.28944444444444445, 0.04225769865006688
97300.0, 28081.0, 0.2886022610483042, 0.3331002160921957
97400.0, 28083.0, 0.2883264887063655, 0.4283363873797739
97500.0, 28261.0, 0.28985641025641024, 0.10001199510232554
97600.0, 28383.0, 0.29080942622950817, 0.4291298167652601
97700.0, 28259.0, 0.2892425793244626, 0.11197049511262719
97800.0, 28446.0, 0.2908588957055215, 0.4462137761572332
97900.0, 28451.0, 0.29061287027579163, 0.3612505060840534
98000.0, 28333.0, 0.28911224489795917, 0.1569806352879968
98100.0, 28344.0, 0.2889296636085627, 0.22003388721539086
98200.0, 28248.0, 0.28765784114052956, 0.6592494429215392
98300.0, 28384.0, 0.28874872838250254, 0.2825186819554389
98400.0, 28521.0, 0.28984756097560976, 0.09695595396288129
98500.0, 28468.0, 0.28901522842639593, 0.1904846380409871
98600.0, 28405.0, 0.28808316430020287, 0.5123668766625052
98700.0, 28569.0, 0.2894528875379939, 0.03934193161620986
98800.0, 28533.0, 0.28879554655870443, 0.2663503315806712
98900.0, 28661.0, 0.28979777553083924, 0.07976287683099266
99000.0, 28761.0, 0.2905151515151515, 0.3275039724001143
99100.0, 28780.0, 0.29041372351160444, 0.2924764759831153
99200.0, 28601.0, 0.28831653225806453, 0.4317747815607948
99300.0, 28641.0, 0.28842900302114804, 0.392933740495672
99400.0, 28630.0, 0.2880281690140845, 0.5313591383663311
99500.0, 28697.0, 0.2884120603015075, 0.39878479770619496
99600.0, 28897.0, 0.29013052208835344, 0.19467472014346413
99700.0, 28979.0, 0.2906619859578736, 0.37821228506008403
99800.0, 28751.0, 0.28808617234468936, 0.5113280682093344
99900.0, 29129.0, 0.2915815815815816, 0.6957886080483578
